<?xml version="1.0" encoding="UTF-8" ?>
<!DOCTYPE mapper PUBLIC "-//mybatis.org//DTD Mapper 3.0//EN" "http://mybatis.org/dtd/mybatis-3-mapper.dtd" >
<mapper namespace="com.dbsd6th.dao.SeatTypeMapper" >
  <resultMap id="BaseResultMap" type="com.dbsd6th.entity.SeatType" >
    <id column="seatType" property="seattype" jdbcType="VARCHAR" />
    <result column="perCost" property="percost" jdbcType="DECIMAL" />
  </resultMap>
  <sql id="Base_Column_List" >
    seatType, perCost
  </sql>
  <select id="selectByPrimaryKey" resultMap="BaseResultMap" parameterType="java.lang.String" >
    select 
    <include refid="Base_Column_List" />
    from seat_type
    where seatType = #{seattype,jdbcType=VARCHAR}
  </select>
  <select id="selectAllSeatType" resultMap="BaseResultMap">
    select *
    from seat_type
  </select>

  <delete id="deleteByPrimaryKey" parameterType="java.lang.String" >
    delete from seat_type
    where seatType = #{seattype,jdbcType=VARCHAR}
  </delete>
  <insert id="insert" parameterType="com.dbsd6th.entity.SeatType" >
    insert into seat_type (seatType, perCost)
    values (#{seattype,jdbcType=VARCHAR}, #{percost,jdbcType=DECIMAL})
  </insert>
  <insert id="insertSelective" parameterType="com.dbsd6th.entity.SeatType" >
    insert into seat_type
    <trim prefix="(" suffix=")" suffixOverrides="," >
      <if test="seattype != null" >
        seatType,
      </if>
      <if test="percost != null" >
        perCost,
      </if>
    </trim>
    <trim prefix="values (" suffix=")" suffixOverrides="," >
      <if test="seattype != null" >
        #{seattype,jdbcType=VARCHAR},
      </if>
      <if test="percost != null" >
        #{percost,jdbcType=DECIMAL},
      </if>
    </trim>
  </insert>
  <update id="updateByPrimaryKeySelective" parameterType="com.dbsd6th.entity.SeatType" >
    update seat_type
    <set >
      <if test="percost != null" >
        perCost = #{percost,jdbcType=DECIMAL},
      </if>
    </set>
    where seatType = #{seattype,jdbcType=VARCHAR}
  </update>
  <update id="updateByPrimaryKey" parameterType="com.dbsd6th.entity.SeatType" >
    update seat_type
    set perCost = #{percost,jdbcType=DECIMAL}
    where seatType = #{seattype,jdbcType=VARCHAR}
  </update>


  <select id="getPercostBySeatType"  resultType="java.math.BigDecimal" >
    select perCost from seat_type
    where seatType = #{seattype,jdbcType=VARCHAR}
  </select>
</mapper>